"","Strike","Bid","Ask","Price","ImpliedVol"
"SPY210521C00165000",165,249.89,250.26,250.075,NA
"SPY210521C00170000",170,244.89,245.26,245.075,NA
"SPY210521C00175000",175,239.89,240.26,240.075,NA
"SPY210521C00180000",180,234.89,235.26,235.075,NA
"SPY210521C00185000",185,229.89,230.26,230.075,NA
"SPY210521C00190000",190,224.89,225.26,225.075,NA
"SPY210521C00200000",200,214.89,215.26,215.075,NA
"SPY210521C00205000",205,209.89,210.26,210.075,NA
"SPY210521C00210000",210,204.89,205.26,205.075,NA
"SPY210521C00215000",215,199.89,200.26,200.075,NA
"SPY210521C00220000",220,194.89,195.26,195.075,NA
"SPY210521C00225000",225,189.89,190.26,190.075,NA
"SPY210521C00230000",230,184.89,185.26,185.075,NA
"SPY210521C00235000",235,179.89,180.26,180.075,NA
"SPY210521C00240000",240,174.89,175.26,175.075,NA
"SPY210521C00245000",245,169.89,170.26,170.075,NA
"SPY210521C00250000",250,164.89,165.26,165.075,NA
"SPY210521C00255000",255,159.89,160.26,160.075,NA
"SPY210521C00260000",260,154.89,155.26,155.075,NA
"SPY210521C00265000",265,149.11,149.2,149.155,NA
"SPY210521C00270000",270,144.89,145.26,145.075,NA
"SPY210521C00271000",271,143.89,144.26,144.075,NA
"SPY210521C00272000",272,118.38,118.79,118.585,NA
"SPY210521C00273000",273,141.89,142.26,142.075,NA
"SPY210521C00274000",274,122.13,122.91,122.52,NA
"SPY210521C00275000",275,139.89,140.26,140.075,NA
"SPY210521C00276000",276,138.89,139.26,139.075,NA
"SPY210521C00278000",278,136.89,137.26,137.075,NA
"SPY210521C00279000",279,117.16,117.94,117.55,NA
"SPY210521C00280000",280,134.89,135.26,135.075,NA
"SPY210521C00281000",281,135.46,135.85,135.655,4.35706237792969
"SPY210521C00282000",282,118.89,119.77,119.33,NA
"SPY210521C00283000",283,113.21,113.98,113.595,NA
"SPY210521C00284000",284,108.98,109.37,109.175,NA
"SPY210521C00285000",285,129.89,130.26,130.075,NA
"SPY210521C00286000",286,110.23,111,110.615,NA
"SPY210521C00287000",287,132.5,132.79,132.645,NA
"SPY210521C00288000",288,128.18,128.67,128.425,3.98244689941406
"SPY210521C00289000",289,130.5,130.79,130.645,NA
"SPY210521C00290000",290,126.17,126.67,126.42,3.91544250488281
"SPY210521C00291000",291,126.62,126.93,126.775,4.56843078613281
"SPY210521C00292000",292,122.89,123.26,123.075,NA
"SPY210521C00293000",293,129.33,129.44,129.385,NA
"SPY210521C00294000",294,123.62,123.96,123.79,4.46670593261719
"SPY210521C00295000",295,121.76,122.21,121.985,4.07016174316406
"SPY210521C00296000",296,118.89,119.26,119.075,NA
"SPY210521C00297000",297,125.35,125.43,125.39,NA
"SPY210521C00298000",298,116.89,117.26,117.075,NA
"SPY210521C00299000",299,120.51,120.8,120.655,4.93512756347656
"SPY210521C00300000",300,114.89,115.26,115.075,NA
"SPY210521C00301000",301,113.89,114.26,114.075,NA
"SPY210521C00302000",302,114.78,115.23,115.005,3.84782897949219
"SPY210521C00303000",303,92.33,92.75,92.54,NA
"SPY210521C00304000",304,115.51,115.81,115.66,4.74325134277344
"SPY210521C00305000",305,109.89,110.25,110.07,NA
"SPY210521C00306000",306,0,0,0,NA
"SPY210521C00307000",307,107.89,108.25,108.07,NA
"SPY210521C00308000",308,106.89,107.25,107.07,NA
"SPY210521C00309000",309,105.89,106.25,106.07,NA
"SPY210521C00310000",310,104.89,105.25,105.07,NA
"SPY210521C00311000",311,103.89,104.25,104.07,NA
"SPY210521C00312000",312,102.89,103.25,103.07,NA
"SPY210521C00313000",313,101.89,102.25,102.07,NA
"SPY210521C00314000",314,100.89,101.25,101.07,NA
"SPY210521C00315000",315,99.89,100.25,100.07,NA
"SPY210521C00316000",316,98.89,99.25,99.07,NA
"SPY210521C00317000",317,97.89,98.25,98.07,NA
"SPY210521C00318000",318,96.89,97.25,97.07,NA
"SPY210521C00319000",319,95.89,96.25,96.07,NA
"SPY210521C00320000",320,94.89,95.25,95.07,NA
"SPY210521C00321000",321,93.89,94.25,94.07,NA
"SPY210521C00322000",322,92.89,93.26,93.075,NA
"SPY210521C00323000",323,91.89,92.26,92.075,NA
"SPY210521C00324000",324,90.89,91.26,91.075,NA
"SPY210521C00325000",325,89.89,90.26,90.075,NA
"SPY210521C00326000",326,88.89,89.26,89.075,NA
"SPY210521C00327000",327,95.39,95.48,95.435,4.53371032714844
"SPY210521C00328000",328,86.89,87.26,87.075,NA
"SPY210521C00329000",329,85.08,85.14,85.11,NA
"SPY210521C00330000",330,84.89,85.26,85.075,NA
"SPY210521C00331000",331,83.89,84.26,84.075,NA
"SPY210521C00332000",332,82.89,83.26,83.075,NA
"SPY210521C00333000",333,81.89,82.26,82.075,NA
"SPY210521C00334000",334,80.89,81.26,81.075,NA
"SPY210521C00335000",335,79.89,80.26,80.075,NA
"SPY210521C00336000",336,78.89,79.26,79.075,NA
"SPY210521C00337000",337,77.89,78.26,78.075,NA
"SPY210521C00338000",338,76.89,77.26,77.075,NA
"SPY210521C00339000",339,75.89,76.26,76.075,NA
"SPY210521C00340000",340,74.89,75.26,75.075,NA
"SPY210521C00341000",341,73.89,74.26,74.075,NA
"SPY210521C00342000",342,72.89,73.26,73.075,NA
"SPY210521C00343000",343,71.89,72.26,72.075,NA
"SPY210521C00344000",344,70.89,71.26,71.075,NA
"SPY210521C00345000",345,69.89,70.26,70.075,NA
"SPY210521C00346000",346,68.89,69.26,69.075,NA
"SPY210521C00347000",347,67.89,68.26,68.075,NA
"SPY210521C00348000",348,66.89,67.26,67.075,NA
"SPY210521C00349000",349,65.89,66.26,66.075,NA
"SPY210521C00350000",350,64.89,65.26,65.075,NA
"SPY210521C00351000",351,63.89,64.26,64.075,NA
"SPY210521C00352000",352,62.89,63.26,63.075,NA
"SPY210521C00353000",353,61.89,62.26,62.075,NA
"SPY210521C00354000",354,60.89,61.26,61.075,NA
"SPY210521C00355000",355,59.89,60.26,60.075,NA
"SPY210521C00356000",356,58.89,59.26,59.075,NA
"SPY210521C00357000",357,57.89,58.26,58.075,NA
"SPY210521C00358000",358,56.89,57.26,57.075,NA
"SPY210521C00359000",359,55.89,56.26,56.075,NA
"SPY210521C00360000",360,54.89,55.26,55.075,NA
"SPY210521C00361000",361,53.89,54.26,54.075,NA
"SPY210521C00362000",362,52.89,53.26,53.075,NA
"SPY210521C00363000",363,51.89,52.26,52.075,NA
"SPY210521C00364000",364,50.89,51.24,51.065,NA
"SPY210521C00365000",365,49.89,50.24,50.065,NA
"SPY210521C00366000",366,48.9,49.24,49.07,NA
"SPY210521C00367000",367,47.9,48.24,48.07,NA
"SPY210521C00368000",368,46.9,47.24,47.07,NA
"SPY210521C00369000",369,45.9,46.26,46.08,NA
"SPY210521C00370000",370,44.9,45.26,45.08,NA
"SPY210521C00371000",371,43.9,44.26,44.08,NA
"SPY210521C00372000",372,42.9,43.26,43.08,NA
"SPY210521C00373000",373,41.9,42.26,42.08,NA
"SPY210521C00374000",374,40.9,41.26,41.08,NA
"SPY210521C00375000",375,39.9,40.26,40.08,NA
"SPY210521C00376000",376,38.9,39.26,39.08,NA
"SPY210521C00377000",377,37.9,38.26,38.08,NA
"SPY210521C00378000",378,36.9,37.26,37.08,NA
"SPY210521C00379000",379,35.9,36.26,36.08,NA
"SPY210521C00380000",380,34.9,35.27,35.085,NA
"SPY210521C00381000",381,33.9,34.27,34.085,NA
"SPY210521C00382000",382,32.9,33.27,33.085,NA
"SPY210521C00383000",383,31.9,32.25,32.075,NA
"SPY210521C00384000",384,30.91,31.27,31.09,NA
"SPY210521C00385000",385,29.91,30.27,30.09,NA
"SPY210521C00386000",386,28.91,29.27,29.09,NA
"SPY210521C00387000",387,27.91,28.27,28.09,NA
"SPY210521C00388000",388,26.91,27.27,27.09,NA
"SPY210521C00389000",389,25.91,26.27,26.09,NA
"SPY210521C00390000",390,24.91,25.28,25.095,NA
"SPY210521C00391000",391,23.91,24.27,24.09,NA
"SPY210521C00392000",392,22.92,23.28,23.1,NA
"SPY210521C00393000",393,21.92,22.28,22.1,NA
"SPY210521C00394000",394,20.92,21.28,21.1,NA
"SPY210521C00395000",395,20.02,20.28,20.15,NA
"SPY210521C00396000",396,19.02,19.17,19.095,NA
"SPY210521C00397000",397,18.02,18.28,18.15,NA
"SPY210521C00398000",398,17.02,17.29,17.155,NA
"SPY210521C00399000",399,16.02,16.29,16.155,NA
"SPY210521C00400000",400,15.02,15.18,15.1,NA
"SPY210521C00401000",401,14.03,14.29,14.16,NA
"SPY210521C00402000",402,13.03,13.29,13.16,NA
"SPY210521C00403000",403,12.06,12.28,12.17,NA
"SPY210521C00404000",404,11.06,11.3,11.18,NA
"SPY210521C00405000",405,10.07,10.2,10.135,NA
"SPY210521C00406000",406,9.06,9.32,9.19,NA
"SPY210521C00407000",407,8.08,8.23,8.155,NA
"SPY210521C00408000",408,7.13,7.25,7.19,NA
"SPY210521C00409000",409,6.16,6.29,6.225,NA
"SPY210521C00410000",410,5.24,5.35,5.295,0.114465942382813
"SPY210521C00411000",411,4.34,4.43,4.385,0.138831176757812
"SPY210521C00412000",412,3.48,3.56,3.52,0.144922485351562
"SPY210521C00413000",413,2.68,2.76,2.72,0.146140747070312
"SPY210521C00414000",414,1.97,2.02,1.995,0.144313354492187
"SPY210521C00415000",415,1.38,1.4,1.39,0.143704223632812
"SPY210521C00416000",416,0.91,0.93,0.92,0.143704223632812
"SPY210521C00417000",417,0.58,0.59,0.585,0.145531616210937
"SPY210521C00418000",418,0.35,0.36,0.355,0.147359008789062
"SPY210521C00419000",419,0.21,0.22,0.215,0.151013793945313
"SPY210521C00420000",420,0.13,0.14,0.135,0.157714233398437
"SPY210521C00421000",421,0.07,0.08,0.075,0.160150756835937
"SPY210521C00422000",422,0.05,0.06,0.055,0.171115112304687
"SPY210521C00423000",423,0.03,0.04,0.035,0.177815551757812
"SPY210521C00424000",424,0.02,0.03,0.025,0.186952514648437
"SPY210521C00425000",425,0.01,0.02,0.015,0.191216430664063
"SPY210521C00426000",426,0.01,0.02,0.015,0.208272094726562
"SPY210521C00427000",427,0,0.01,0.005,0.198526000976562
"SPY210521C00428000",428,0,0.01,0.005,0.213754272460937
"SPY210521C00429000",429,0,0.01,0.005,0.228373413085937
"SPY210521C00430000",430,0,0.01,0.005,0.242992553710937
"SPY210521C00431000",431,0,0.01,0.005,0.257611694335938
"SPY210521C00432000",432,0,0.01,0.005,0.271621704101562
"SPY210521C00433000",433,0,0.01,0.005,0.286240844726562
"SPY210521C00434000",434,0,0.01,0.005,0.300250854492187
"SPY210521C00435000",435,0,0.01,0.005,0.314260864257813
"SPY210521C00436000",436,0,0.01,0.005,0.328270874023437
"SPY210521C00437000",437,0,0.01,0.005,0.342280883789062
"SPY210521C00438000",438,0,0.01,0.005,0.356290893554687
"SPY210521C00439000",439,0,0.01,0.005,0.370300903320313
"SPY210521C00440000",440,0,0.01,0.005,0.383701782226562
"SPY210521C00441000",441,0,0.01,0.005,0.397102661132812
"SPY210521C00442000",442,0,0.01,0.005,0.411112670898438
"SPY210521C00443000",443,0,0.01,0.005,0.424513549804687
"SPY210521C00444000",444,0,0.01,0.005,0.437914428710937
"SPY210521C00445000",445,0,0.01,0.005,0.451315307617187
"SPY210521C00446000",446,0,0.01,0.005,0.464107055664062
"SPY210521C00447000",447,0,0.01,0.005,0.477507934570312
"SPY210521C00448000",448,0,0.01,0.005,0.490908813476562
"SPY210521C00449000",449,0,0.01,0.005,0.503700561523437
"SPY210521C00450000",450,0,0.01,0.005,0.517101440429687
"SPY210521C00451000",451,0,0.01,0.005,0.529893188476562
"SPY210521C00452000",452,0,0.01,0.005,0.542684936523437
"SPY210521C00453000",453,0,0.01,0.005,0.555476684570312
"SPY210521C00454000",454,0,0.01,0.005,0.568268432617187
"SPY210521C00455000",455,0,0.01,0.005,0.581060180664062
"SPY210521C00456000",456,0,0.01,0.005,0.593851928710938
"SPY210521C00457000",457,0,0.01,0.005,0.606643676757812
"SPY210521C00458000",458,0,0.01,0.005,0.618826293945313
"SPY210521C00459000",459,0,0.01,0.005,0.631618041992187
"SPY210521C00460000",460,0,0.01,0.005,0.644409790039062
"SPY210521C00465000",465,0,0.01,0.005,0.705932006835937
"SPY210521C00470000",470,0,0.01,0.005,0.766235961914062
"SPY210521C00475000",475,0,0.01,0.005,0.825930786132812
"SPY210521C00480000",480,0,0.01,0.005,0.885016479492187
"SPY210521C00485000",485,0,0.01,0.005,0.942274780273437
"SPY210521C00490000",490,0,0.01,0.005,0.998923950195312
"SPY210521C00495000",495,0,0.01,0.005,1.05496398925781
"SPY210521C00500000",500,0,0.01,0.005,1.11039489746094
"SPY210521C00505000",505,0,0.01,0.005,1.16460754394531
"SPY210521C00510000",510,0,0.01,0.005,1.21821105957031
"SPY210521C00515000",515,0,0.01,0.005,1.27120544433594
"SPY210521C00520000",520,0,0.01,0.005,1.32298156738281
"SPY210521C00525000",525,0,0.01,0.005,1.37475769042969
"SPY210521C00530000",530,0,0.01,0.005,1.42531555175781
